time,xin,TL,BL,reset,ic,T,action
0.0,0.3176803009476261,-3.553130439141272,-5.944341646259568,1,4.316653208455685,0.1,A12
1.5,-0.28582986148164813,-3.553130439141272,-5.944341646259568,1,4.316653208455685,0.1,A12
3.0,0.486536799887211,-3.553130439141272,-5.944341646259568,1,4.316653208455685,0.1,A12
3.01,-0.13101948181403267,-7.688715014082314,-0.8143308302873393,0,0.002142716961335722,0.1,A19
3.5,0.1790766168918445,-7.688715014082314,-0.8143308302873393,0,0.002142716961335722,0.1,A19
4.0,-0.4537748507244277,-7.688715014082314,-0.8143308302873393,0,0.002142716961335722,0.1,A19
4.01,0.5826672882077575,3.9514932203893807,3.995810698790315,0,0.769865486111744,0.1,A18
12.0,0.13085225121553434,3.9514932203893807,3.995810698790315,0,0.769865486111744,0.1,A18
20.0,-0.4430591300309765,3.9514932203893807,3.995810698790315,0,0.769865486111744,0.1,A18
