time,xin,TL,BL,reset,ic,T,action
0.0,0.9873559901182529,-8.547635412669896,7.109775091287037,1,0.29720324436228474,0.1,A16
5.5,-1.0,-8.547635412669896,7.109775091287037,1,0.29720324436228474,0.1,A16
11.0,-0.8653907567193007,-8.547635412669896,7.109775091287037,1,0.29720324436228474,0.1,A16
11.01,-0.6648625613551786,0.7316481700570776,-5.636955634075611,0,2.703724506689124,0.1,A17
14.0,0.13026771508513035,0.7316481700570776,-5.636955634075611,0,2.703724506689124,0.1,A17
17.0,0.4705853556700579,0.7316481700570776,-5.636955634075611,0,2.703724506689124,0.1,A17
17.01,0.3128351067701287,3.6579375453263214,-1.3243753308873192,0,6.8295165475501705,0.1,A20
18.5,0.05629524114183404,3.6579375453263214,-1.3243753308873192,0,6.8295165475501705,0.1,A20
20.0,0.8163864273211312,3.6579375453263214,-1.3243753308873192,0,6.8295165475501705,0.1,A20
