time,xin,TL,BL,reset,ic,T,action
0.0,0.6731440776511313,4.223135992612493,-7.154100400937988,0,-3.0883840176603634,0.1,A18
9.0,-0.15554617531240122,4.223135992612493,-7.154100400937988,0,-3.0883840176603634,0.1,A18
18.0,-0.9451438174574491,4.223135992612493,-7.154100400937988,0,-3.0883840176603634,0.1,A18
18.01,-0.765969535481057,4.199265420825933,-9.378238377345863,1,8.339236919453786,0.1,A11
19.0,0.7515853712622469,4.199265420825933,-9.378238377345863,1,8.339236919453786,0.1,A11
20.0,-0.11764336910302353,4.199265420825933,-9.378238377345863,1,8.339236919453786,0.1,A11
