time,xin,TL,BL,reset,ic,T,action
0.0,0.9846996163057791,6.674461157478108,-6.3896628575416,1,-3.424047789961568,0.1,A4
4.5,-0.3704890813813637,6.674461157478108,-6.3896628575416,1,-3.424047789961568,0.1,A4
9.0,-0.3330246558355756,6.674461157478108,-6.3896628575416,1,-3.424047789961568,0.1,A4
9.01,0.4112337667873889,-0.5363196458330943,-9.420672846802542,1,1.8773913900468813,0.1,A12
9.5,-0.6738929885987541,-0.5363196458330943,-9.420672846802542,1,1.8773913900468813,0.1,A12
10.0,0.18695187176853856,-0.5363196458330943,-9.420672846802542,1,1.8773913900468813,0.1,A12
10.01,-0.5260908565879574,-8.678107618541219,6.877338428113578,0,5.04576413379538,0.1,A17
15.0,0.5787073815994097,-8.678107618541219,6.877338428113578,0,5.04576413379538,0.1,A17
20.0,0.8869342321845977,-8.678107618541219,6.877338428113578,0,5.04576413379538,0.1,A17
