time,xin,TL,BL,reset,ic,T,action
0.0,-0.5171972924666297,-7.468455194742232,-1.070475178769982,1,-2.1383130844871427,0.1,A15
1.0,0.8229451169094151,-7.468455194742232,-1.070475178769982,1,-2.1383130844871427,0.1,A15
2.0,0.18884613816048712,-7.468455194742232,-1.070475178769982,1,-2.1383130844871427,0.1,A15
2.01,-0.671934742076506,-7.812713998676342,3.8924722760847494,1,0.14349884860729922,0.1,A15
7.5,0.6106579642393128,-7.812713998676342,3.8924722760847494,1,0.14349884860729922,0.1,A15
13.0,-0.6031483610349093,-7.812713998676342,3.8924722760847494,1,0.14349884860729922,0.1,A15
13.01,0.704304110598935,9.197148332768311,9.182553627168282,0,1.4675624070901065,0.1,A18
16.5,-0.6772376502406761,9.197148332768311,9.182553627168282,0,1.4675624070901065,0.1,A18
20.0,-0.7572626784069245,9.197148332768311,9.182553627168282,0,1.4675624070901065,0.1,A18
