time,xin,TL,BL,reset,ic,T,action
0.0,0.4053993560767384,-5.43776037881327,-5.7294033914932685,1,7.492802406362959,0.1,A11
1.5,0.9156140315750245,-5.43776037881327,-5.7294033914932685,1,7.492802406362959,0.1,A11
3.0,0.5202405446697824,-5.43776037881327,-5.7294033914932685,1,7.492802406362959,0.1,A11
3.01,-0.8043527145260527,0.007260322795969998,0.9650665866043432,1,-1.549597015038703,0.1,A15
7.0,-0.3772914734568509,0.007260322795969998,0.9650665866043432,1,-1.549597015038703,0.1,A15
11.0,-0.7711881980196347,0.007260322795969998,0.9650665866043432,1,-1.549597015038703,0.1,A15
11.01,1.0,-1.0222169010169253,7.446841051793594,0,-6.7411174229893,0.1,A18
15.5,0.1381790148567139,-1.0222169010169253,7.446841051793594,0,-6.7411174229893,0.1,A18
20.0,-0.2275961427465012,-1.0222169010169253,7.446841051793594,0,-6.7411174229893,0.1,A18
