time,xin,TL,BL,reset,ic,T,action
0.0,-0.15148657715490188,-7.087277418619353,2.2412379280898724,0,1.8557469474041384,0.1,A20
3.0,-0.8225386780338999,-7.087277418619353,2.2412379280898724,0,1.8557469474041384,0.1,A20
6.0,-0.1906671514902687,-7.087277418619353,2.2412379280898724,0,1.8557469474041384,0.1,A20
6.01,-1.0,9.146694295421751,-2.753185592650631,1,-2.8047521778030067,0.1,A7
7.5,1.0,9.146694295421751,-2.753185592650631,1,-2.8047521778030067,0.1,A7
9.0,-0.21423322383181564,9.146694295421751,-2.753185592650631,1,-2.8047521778030067,0.1,A7
9.01,-0.793605130968309,-7.361873627933018,-2.969651727808074,1,1.985314219302845,0.1,A15
14.5,0.689561510617948,-7.361873627933018,-2.969651727808074,1,1.985314219302845,0.1,A15
20.0,-0.5559062879588874,-7.361873627933018,-2.969651727808074,1,1.985314219302845,0.1,A15
