time,xin,TL,BL,reset,ic,T,action
0.0,-1.0,-2.454461141619649,1.5290549044797395,1,-5.737547852867504,0.1,A15
2.5,0.07024998834821616,-2.454461141619649,1.5290549044797395,1,-5.737547852867504,0.1,A15
5.0,-0.010272224535242236,-2.454461141619649,1.5290549044797395,1,-5.737547852867504,0.1,A15
5.01,0.8841420424395985,-1.171954997241205,-4.451589377337712,0,9.311076028370316,0.1,A18
10.0,0.029753260245531488,-1.171954997241205,-4.451589377337712,0,9.311076028370316,0.1,A18
15.0,-0.8819680553212446,-1.171954997241205,-4.451589377337712,0,9.311076028370316,0.1,A18
15.01,0.8197822469705818,-4.853299740715068,7.222977724740346,0,-7.839627029910876,0.1,A18
17.5,-0.32041581852218126,-4.853299740715068,7.222977724740346,0,-7.839627029910876,0.1,A18
20.0,-0.5092043717880003,-4.853299740715068,7.222977724740346,0,-7.839627029910876,0.1,A18
