time,x,y,action
0.0,-5.008020678926001,-5.546590879028912,A13
10.0,-5.852033863464052,-0.11824356975151229,A13
20.0,4.622137452972757,3.60701744603856,A13
20.1,0.005703352174229903,5.612754820389927,A14
40.5,-5.02931354460941,-0.5349358155081738,A14
61.0,2.9666930217325085,-5.300000727216547,A14
61.1,4.089471907890484,3.1006742409969767,A12
80.5,4.477346314834001,-5.271484508183752,A12
100.0,4.251617256240889,2.205717368504189,A12
