time,x,y
0,-0.88176467,-1.1041869
50,-1.5993659,0.6712009
100,0.53260148,0.78496484
