time,x,y
0,0.70840224,1.7141176
50,-0.12627028,-1.0997061
100,-1.0179998,-0.63517416
