time,x,y
0,1.6096717,0.060923963
50,0.74936483,-0.86324316
100,0.81739168,-0.31437729
