time,x,y
0,0.94991768,0.33498592
50,1.8229041,-1.633288
100,1.2019994,1.8772332
