time,xin,TL,BL,reset,ic,T,action
0.0,0.7911277791920321,9.54576690755518,2.9420475654945033,1,-3.075734474451046,0.1,A6
2.5,-0.051793891198886666,9.54576690755518,2.9420475654945033,1,-3.075734474451046,0.1,A6
5.0,-0.21200766782196712,9.54576690755518,2.9420475654945033,1,-3.075734474451046,0.1,A6
5.01,0.22493549760018117,-6.253495905591199,7.305447945568083,1,5.727916901408641,0.1,A14
10.0,-0.08521191892372215,-6.253495905591199,7.305447945568083,1,5.727916901408641,0.1,A14
15.0,-0.6483105704067449,-6.253495905591199,7.305447945568083,1,5.727916901408641,0.1,A14
15.01,-0.6981695880947949,-9.591889376881776,7.187486178373156,0,-8.594886788201892,0.1,A17
17.5,-0.6058582676338149,-9.591889376881776,7.187486178373156,0,-8.594886788201892,0.1,A17
20.0,0.6165593988833744,-9.591889376881776,7.187486178373156,0,-8.594886788201892,0.1,A17
