time,x,y
0,-1.31812150000000,-1.32807370000000
50,0.993321050000000,0.909182810000000
100,-0.630796550000000,1.72321120000000
