time,x,y
0,0.708402240000000,1.71411760000000
50,-0.320692330000000,-1.92226240000000
100,-0.451865710000000,-1.20218820000000
