time,xin,TL,BL,reset,ic,T,action
0.0,0.47844137501523853,1.6191962788086194,1.4949847799908156,1,-9.953787993424987,0.1,A6
5.0,0.011505008945150719,1.6191962788086194,1.4949847799908156,1,-9.953787993424987,0.1,A6
10.0,-0.6036984211255418,1.6191962788086194,1.4949847799908156,1,-9.953787993424987,0.1,A6
10.01,-0.19061745356390536,5.629486012090087,-2.399045302807825,1,2.3822460162741983,0.1,A4
11.5,-0.3247392699716398,5.629486012090087,-2.399045302807825,1,2.3822460162741983,0.1,A4
13.0,0.8257369457863737,5.629486012090087,-2.399045302807825,1,2.3822460162741983,0.1,A4
13.01,-0.6466200200503018,-8.79233203760575,-4.949016702078657,0,-9.675215803116666,0.1,A19
16.5,0.10064073842760024,-8.79233203760575,-4.949016702078657,0,-9.675215803116666,0.1,A19
20.0,-0.22261841780479563,-8.79233203760575,-4.949016702078657,0,-9.675215803116666,0.1,A19
