time,xin,TL,BL,reset,ic,T,action
0.0,-0.12853570582405505,-4.920596243203743,-1.0321791529280198,0,4.856931659476462,0.1,A17
7.5,0.21007345449961856,-4.920596243203743,-1.0321791529280198,0,4.856931659476462,0.1,A17
15.0,0.7546091933682573,-4.920596243203743,-1.0321791529280198,0,4.856931659476462,0.1,A17
15.01,-0.3023486623634519,-2.581429135643214,-9.689404901727663,1,0.30845158370750525,0.1,A10
16.5,-1.0,-2.581429135643214,-9.689404901727663,1,0.30845158370750525,0.1,A10
18.0,-1.0,-2.581429135643214,-9.689404901727663,1,0.30845158370750525,0.1,A10
18.01,-1.0,-9.014372232061492,-2.9348379310153767,0,0.7960700965927074,0.1,A17
19.0,-0.3242959792926704,-9.014372232061492,-2.9348379310153767,0,0.7960700965927074,0.1,A17
20.0,0.691630902260757,-9.014372232061492,-2.9348379310153767,0,0.7960700965927074,0.1,A17
