time,xin,TL,BL,reset,ic,T,action
0.0,-0.059775745036062033,8.297142947803206,-7.884450643937544,1,-5.33377294843727,0.1,A4
1.0,-0.706445504919264,8.297142947803206,-7.884450643937544,1,-5.33377294843727,0.1,A4
2.0,0.7064911785858816,8.297142947803206,-7.884450643937544,1,-5.33377294843727,0.1,A4
2.01,1.0,8.126853996881525,4.785267929929674,0,-6.611319209135928,0.1,A18
11.0,0.3128620546227354,8.126853996881525,4.785267929929674,0,-6.611319209135928,0.1,A18
20.0,-0.02164076278498306,8.126853996881525,4.785267929929674,0,-6.611319209135928,0.1,A18
