time,xin,TL,BL,reset,ic,T,action
0.0,-0.07242290604955715,-1.1380884914554539,8.050195057898215,1,-0.4845732632083132,0.1,A16
4.5,-0.7195113660157015,-1.1380884914554539,8.050195057898215,1,-0.4845732632083132,0.1,A16
9.0,0.4579228484631259,-1.1380884914554539,8.050195057898215,1,-0.4845732632083132,0.1,A16
9.01,0.5330671558418167,-4.142246024481604,5.1807283613464445,1,-1.5179330574796257,0.1,A16
11.5,-0.1612869480517347,-4.142246024481604,5.1807283613464445,1,-1.5179330574796257,0.1,A16
14.0,0.19436429117830856,-4.142246024481604,5.1807283613464445,1,-1.5179330574796257,0.1,A16
14.01,-0.9630805266710891,-2.773478321126081,1.4476020613959424,0,0.31468967960412364,0.1,A19
17.0,1.0,-2.773478321126081,1.4476020613959424,0,0.31468967960412364,0.1,A19
20.0,-0.8071028840991701,-2.773478321126081,1.4476020613959424,0,0.31468967960412364,0.1,A19
