time,x,y
0,-1.3181215,-1.3280737
50,1.1720089,-1.6741543
100,-0.83328664,-1.9012744
