time,x,y
0,0.53370852,0.70516302
50,-1.2348742,0.81470741
100,1.2906142,-1.6825848
