time,x,y
0,0.73231411,1.6550549
50,-1.0973532,1.3026
100,1.4971405,-0.89526359
