time,x,y
0,-1.3181215,-1.3280737
50,-0.45186571,-1.2021882
100,-1.8930372,0.33120622
