time,x,y
0,0.70840224,1.7141176
50,-1.8952964,0.10127834
100,1.7399947,0.87762213
