time,xin,TL,BL,reset,ic,T,action
0.0,0.2653540573101629,-8.134199333694438,5.5134676180823945,1,4.856917349821966,0.1,A16
4.5,-0.7058754385326402,-8.134199333694438,5.5134676180823945,1,4.856917349821966,0.1,A16
9.0,0.5539155519990575,-8.134199333694438,5.5134676180823945,1,4.856917349821966,0.1,A16
9.01,-0.32310041345930407,9.918678251049371,4.078484044002375,0,9.481161483296102,0.1,A17
14.5,0.155006939926861,9.918678251049371,4.078484044002375,0,9.481161483296102,0.1,A17
20.0,0.9501593700637876,9.918678251049371,4.078484044002375,0,9.481161483296102,0.1,A17
