time,x,y
0,0.74587094,1.6835073
50,-0.76837415,0.21824244
100,0.51883489,-0.43477216
