time,x,y
0,-0.59205071,0.69345407
50,0.73231411,1.6550549
100,1.0984475,-1.6799554
