time,x,y
0,0.10058404,0.59396265
50,0.047624039,1.3484131
100,1.2247586,-1.710495
