time,x,y
0,0.99332105,0.90918281
50,-0.32069233,-1.9222624
100,-0.98491619,1.601364
