time,xin,TL,BL,reset,ic,T,action
0.0,-0.8557471362889237,9.292090480877132,7.283694186399522,0,-4.65786631152608,0.1,A19
1.5,0.8098455824157309,9.292090480877132,7.283694186399522,0,-4.65786631152608,0.1,A19
3.0,-0.9951411569983832,9.292090480877132,7.283694186399522,0,-4.65786631152608,0.1,A19
3.01,-0.47591759950823365,-2.963387916312441,4.110202558702799,1,-5.757837841661146,0.1,A15
4.5,0.5488004407786535,-2.963387916312441,4.110202558702799,1,-5.757837841661146,0.1,A15
6.0,-0.019668675812775538,-2.963387916312441,4.110202558702799,1,-5.757837841661146,0.1,A15
6.01,0.9610476592946415,5.704579911572928,-7.302522034141283,0,3.031934927390573,0.1,A20
13.0,-0.2930607981347868,5.704579911572928,-7.302522034141283,0,3.031934927390573,0.1,A20
20.0,0.08074215938948193,5.704579911572928,-7.302522034141283,0,3.031934927390573,0.1,A20
