time,xin,TL,BL,reset,ic,T,action
0.0,-0.7636579473483782,1.3545128654134213,-3.525415630357065,1,5.43387979989373,0.1,A11
7.0,0.8857939562065449,1.3545128654134213,-3.525415630357065,1,5.43387979989373,0.1,A11
14.0,-0.5483354495605055,1.3545128654134213,-3.525415630357065,1,5.43387979989373,0.1,A11
14.01,0.23959926875166637,5.238743450609778,-8.754671223084102,1,-2.1136910691312476,0.1,A4
15.5,-0.9141387033439712,5.238743450609778,-8.754671223084102,1,-2.1136910691312476,0.1,A4
17.0,0.7186873413057198,5.238743450609778,-8.754671223084102,1,-2.1136910691312476,0.1,A4
17.01,0.47969511542821497,-3.776674163519318,6.9197231991126955,0,4.141111918949733,0.1,A19
18.5,0.8826278252772732,-3.776674163519318,6.9197231991126955,0,4.141111918949733,0.1,A19
20.0,-1.0,-3.776674163519318,6.9197231991126955,0,4.141111918949733,0.1,A19
