time,x,y
0,0.70840224,1.7141176
50,1.1720089,-1.6741543
100,-0.31425646,-1.0835937
