time,x,y
0,1.6096717,0.060923963
50,-0.12627028,-1.0997061
100,0.6373701,-1.0055184
