time,x,y
0,-0.59205071,0.69345407
50,0.74936483,-0.86324316
100,0.53370852,0.70516302
