time,x,y
0,0.73231411,1.6550549
50,-0.53795435,-0.74132523
100,0.10058404,0.59396265
