time,x,y
0,0.047624039,1.3484131
50,-0.15119891,1.9215805
100,0.99332105,0.90918281
