time,xin,TL,BL,reset,ic,T,action
0.0,0.8589723420187216,-5.076242369013169,6.2374490301942895,1,-0.33267881524281684,0.1,A16
3.0,-0.2172653672409215,-5.076242369013169,6.2374490301942895,1,-0.33267881524281684,0.1,A16
6.0,-0.06536468364352577,-5.076242369013169,6.2374490301942895,1,-0.33267881524281684,0.1,A16
6.01,0.32147414908263494,-3.0989170358075313,-6.458402990478158,0,7.770342438183402,0.1,A20
8.5,-0.501313589647568,-3.0989170358075313,-6.458402990478158,0,7.770342438183402,0.1,A20
11.0,0.8427910071556235,-3.0989170358075313,-6.458402990478158,0,7.770342438183402,0.1,A20
11.01,-0.847500228651678,-2.041553344499918,-3.9189028254155645,1,-6.907347523552594,0.1,A7
15.5,0.3072177724951639,-2.041553344499918,-3.9189028254155645,1,-6.907347523552594,0.1,A7
20.0,-0.3045298453533667,-2.041553344499918,-3.9189028254155645,1,-6.907347523552594,0.1,A7
