time,xin,TL,BL,reset,ic,T,action
0.0,0.7811699905407155,-0.5220809653003045,-3.6848312055303944,1,-7.1190274269398905,0.1,A7
1.0,0.8094145503525063,-0.5220809653003045,-3.6848312055303944,1,-7.1190274269398905,0.1,A7
2.0,-0.4187507240724,-0.5220809653003045,-3.6848312055303944,1,-7.1190274269398905,0.1,A7
2.01,0.3230819051524123,-6.869187183876015,4.253694820555488,0,5.150626830999624,0.1,A20
4.5,-0.32361680688963834,-6.869187183876015,4.253694820555488,0,5.150626830999624,0.1,A20
7.0,0.6123013525167422,-6.869187183876015,4.253694820555488,0,5.150626830999624,0.1,A20
7.01,0.37340499907578106,4.604705215300346,1.9627341374378986,1,3.262764118320085,0.1,A4
13.5,0.19577682355121584,4.604705215300346,1.9627341374378986,1,3.262764118320085,0.1,A4
20.0,0.9515288757820763,4.604705215300346,1.9627341374378986,1,3.262764118320085,0.1,A4
