time,xin,TL,BL,reset,ic,T,action
0.0,0.5037945676184499,-0.21660080496274503,-4.550762654793095,0,-3.448351672060763,0.1,A18
1.0,0.028913687075537986,-0.21660080496274503,-4.550762654793095,0,-3.448351672060763,0.1,A18
2.0,-0.23033704908881147,-0.21660080496274503,-4.550762654793095,0,-3.448351672060763,0.1,A18
2.01,-0.06909350958117133,-4.200071444558615,-9.143272674420464,1,5.893692611364855,0.1,A11
4.0,0.5739315055374481,-4.200071444558615,-9.143272674420464,1,5.893692611364855,0.1,A11
6.0,0.26383962326349075,-4.200071444558615,-9.143272674420464,1,5.893692611364855,0.1,A11
6.01,-0.5066260888036458,-6.218594111500457,8.756111443298156,0,-4.467888318124011,0.1,A20
13.0,-0.5987413839885998,-6.218594111500457,8.756111443298156,0,-4.467888318124011,0.1,A20
20.0,-0.16427734953628637,-6.218594111500457,8.756111443298156,0,-4.467888318124011,0.1,A20
