time,xin,TL,BL,reset,ic,T,action
0.0,0.6349296949102126,8.65771806592576,-5.603578230203874,1,-1.7225514751651603,0.1,A2
7.5,0.45575452084431856,8.65771806592576,-5.603578230203874,1,-1.7225514751651603,0.1,A2
15.0,-0.9740633258336617,8.65771806592576,-5.603578230203874,1,-1.7225514751651603,0.1,A2
15.01,-0.2331583947431033,-5.183199513689589,2.547233992524431,0,2.4495309739204902,0.1,A17
15.5,0.19869939745172155,-5.183199513689589,2.547233992524431,0,2.4495309739204902,0.1,A17
16.0,0.6631679744030576,-5.183199513689589,2.547233992524431,0,2.4495309739204902,0.1,A17
16.01,0.18981361124641238,0.6747819466277953,4.8919838940411875,0,-5.269660866760157,0.1,A18
18.0,0.10439760901846795,0.6747819466277953,4.8919838940411875,0,-5.269660866760157,0.1,A18
20.0,-0.0727064032175131,0.6747819466277953,4.8919838940411875,0,-5.269660866760157,0.1,A18
