time,xin,TL,BL,reset,ic,T,action
0.0,0.44560484887103646,4.28084228424961,-2.5883224893472363,1,2.0468756959811927,0.1,A4
7.5,-0.9529069902442349,4.28084228424961,-2.5883224893472363,1,2.0468756959811927,0.1,A4
15.0,0.8897737971086939,4.28084228424961,-2.5883224893472363,1,2.0468756959811927,0.1,A4
15.01,-0.15885726164822533,-5.147757403798776,1.475245497258829,0,3.0454249791518926,0.1,A19
17.5,0.45698452275722534,-5.147757403798776,1.475245497258829,0,3.0454249791518926,0.1,A19
20.0,-0.5253349698221321,-5.147757403798776,1.475245497258829,0,3.0454249791518926,0.1,A19
