time,xin,TL,BL,reset,ic,T,action
0.0,0.45817702552704076,7.850225313620001,-9.288939350912614,0,3.3909336391921245,0.1,A18
4.5,0.021926869914602173,7.850225313620001,-9.288939350912614,0,3.3909336391921245,0.1,A18
9.0,-0.5399931900688344,7.850225313620001,-9.288939350912614,0,3.3909336391921245,0.1,A18
9.01,0.28380453200318856,8.29830171008635,1.741898896185612,1,2.0070489805491794,0.1,A1
10.5,0.32347359199835246,8.29830171008635,1.741898896185612,1,2.0070489805491794,0.1,A1
12.0,1.0,8.29830171008635,1.741898896185612,1,2.0070489805491794,0.1,A1
12.01,0.5933662693393442,-7.0592021952323485,-2.613892998983509,0,-4.60155266886258,0.1,A18
16.0,0.05299563939127805,-7.0592021952323485,-2.613892998983509,0,-4.60155266886258,0.1,A18
20.0,-0.6681060065273472,-7.0592021952323485,-2.613892998983509,0,-4.60155266886258,0.1,A18
