time,xin,TL,BL,reset,ic,T,action
0.0,0.9579792594960514,0.8640508722506226,5.841932278241956,0,-7.309931751375382,0.1,A18
8.5,0.8526421607696604,0.8640508722506226,5.841932278241956,0,-7.309931751375382,0.1,A18
17.0,0.49437345693086,0.8640508722506226,5.841932278241956,0,-7.309931751375382,0.1,A18
17.01,-0.9237995802955778,7.9007638000848,-8.962042892320847,1,2.2836229766541294,0.1,A3
18.0,0.7737462369012809,7.9007638000848,-8.962042892320847,1,2.2836229766541294,0.1,A3
19.0,-0.5571872556721216,7.9007638000848,-8.962042892320847,1,2.2836229766541294,0.1,A3
19.01,0.9910258539635404,-6.547305352586051,7.974953719456156,0,-5.594866934089705,0.1,A20
19.5,-0.6632138770984339,-6.547305352586051,7.974953719456156,0,-5.594866934089705,0.1,A20
20.0,0.16057958428474617,-6.547305352586051,7.974953719456156,0,-5.594866934089705,0.1,A20
