time,xin,TL,BL,reset,ic,T,action
0.0,0.8123692910921136,-9.551888879530493,-6.143162385895414,1,-7.893032914053199,0.1,A15
0.5,0.925842755406737,-9.551888879530493,-6.143162385895414,1,-7.893032914053199,0.1,A15
1.0,-0.8604948451536945,-9.551888879530493,-6.143162385895414,1,-7.893032914053199,0.1,A15
1.01,0.5177508379184002,7.943900053864297,-1.5076151434917744,0,-1.9800743918924386,0.1,A18
8.0,-0.27267294188681923,7.943900053864297,-1.5076151434917744,0,-1.9800743918924386,0.1,A18
15.0,-1.0,7.943900053864297,-1.5076151434917744,0,-1.9800743918924386,0.1,A18
15.01,-0.12965073918950254,-9.508843237541761,0.7454834037758555,1,-1.7605714938186345,0.1,A15
17.5,0.8064570254362609,-9.508843237541761,0.7454834037758555,1,-1.7605714938186345,0.1,A15
20.0,-0.5761289063080801,-9.508843237541761,0.7454834037758555,1,-1.7605714938186345,0.1,A15
