time,x,y
0,-1.2348742,0.81470741
50,-0.25063119,-1.3907521
100,0.9373208,0.43256936
