time,x,y
0,0.99332105,0.90918281
50,0.35320734,0.86975136
100,-0.21109128,-0.48675677
