time,x,y
0,0.74587094,1.6835073
50,-0.53795435,-0.74132523
100,0.85494237,-0.97710909
