time,xin,TL,BL,reset,ic,T,action
0.0,-0.8135746501662307,-0.9374059837478388,-6.332317501934181,1,9.117873361182234,0.1,A9
4.5,-0.5216111979540501,-0.9374059837478388,-6.332317501934181,1,9.117873361182234,0.1,A9
9.0,-0.16864502020030936,-0.9374059837478388,-6.332317501934181,1,9.117873361182234,0.1,A9
9.01,-0.3723311592501424,9.310922748997562,-1.3520709597093479,0,0.4552802259764981,0.1,A18
9.5,-0.7348631930171925,9.310922748997562,-1.3520709597093479,0,0.4552802259764981,0.1,A18
10.0,-0.8233196971499008,9.310922748997562,-1.3520709597093479,0,0.4552802259764981,0.1,A18
10.01,0.2616348396533874,4.379530089719312,6.941389592400245,0,-8.20426847842095,0.1,A19
15.0,0.7992293424968469,4.379530089719312,6.941389592400245,0,-8.20426847842095,0.1,A19
20.0,-0.3665840069343762,4.379530089719312,6.941389592400245,0,-8.20426847842095,0.1,A19
