time,xin,TL,BL,reset,ic,T,action
0.0,-0.8895179433989696,6.021125044039458,3.803919321899695,0,-0.18678371181497155,0.1,A17
2.5,-0.5320938912102053,6.021125044039458,3.803919321899695,0,-0.18678371181497155,0.1,A17
5.0,0.29264581586591154,6.021125044039458,3.803919321899695,0,-0.18678371181497155,0.1,A17
5.01,0.8877854863984307,2.9782508184277923,6.8457751761652155,0,9.988722278577082,0.1,A18
12.5,0.3975520394771415,2.9782508184277923,6.8457751761652155,0,9.988722278577082,0.1,A18
20.0,-0.5552459145206248,2.9782508184277923,6.8457751761652155,0,9.988722278577082,0.1,A18
