time,xin,TL,BL,reset,ic,T,action
0.0,1.0,-1.2473925054279267,-2.5973082978237994,0,-4.328688945699415,0.1,A20
3.0,-0.18198618630683905,-1.2473925054279267,-2.5973082978237994,0,-4.328688945699415,0.1,A20
6.0,0.8186345173339804,-1.2473925054279267,-2.5973082978237994,0,-4.328688945699415,0.1,A20
6.01,-0.7427647681290066,5.802979489049241,5.5640558542888705,1,-2.155202525776986,0.1,A7
11.0,0.4076812374110568,5.802979489049241,5.5640558542888705,1,-2.155202525776986,0.1,A7
16.0,0.054286724604510894,5.802979489049241,5.5640558542888705,1,-2.155202525776986,0.1,A7
16.01,0.9849318324551506,3.557822028444269,-1.3750332014960946,1,1.83139775401536,0.1,A4
18.0,-0.007106474150042175,3.557822028444269,-1.3750332014960946,1,1.83139775401536,0.1,A4
20.0,0.11247663151345666,3.557822028444269,-1.3750332014960946,1,1.83139775401536,0.1,A4
