time,x,y
0,1.8229041,-1.633288
50,-0.42873441,-0.22852976
100,0.71350158,1.5982084
