time,x,y
0,-0.88176467,-1.1041869
50,0.10058404,0.59396265
100,0.037502258,-1.73731
