time,x,y
0,-1.5993659,0.6712009
50,0.087215043,0.5750276
100,-1.9416545,0.98595268
