time,x,y
0,0.53370852,0.70516302
50,0.3255099,0.58039169
100,1.0526641,1.2210692
