time,xin,TL,BL,reset,ic,T,action
0.0,-0.30765067220847486,8.502009576121104,-9.657297505351426,1,2.812237592954448,0.1,A4
7.5,-0.746522777555755,8.502009576121104,-9.657297505351426,1,2.812237592954448,0.1,A4
15.0,-0.68982614026205,8.502009576121104,-9.657297505351426,1,2.812237592954448,0.1,A4
15.01,-0.05945496769372527,4.115080774983177,4.100898600029311,1,-7.114516714101606,0.1,A7
15.5,0.9912881326537624,4.115080774983177,4.100898600029311,1,-7.114516714101606,0.1,A7
16.0,0.4408970708373521,4.115080774983177,4.100898600029311,1,-7.114516714101606,0.1,A7
16.01,-0.7850461263599604,1.8940821195128978,2.5041425855992507,0,2.0238311272212073,0.1,A20
18.0,-1.0,1.8940821195128978,2.5041425855992507,0,2.0238311272212073,0.1,A20
20.0,0.06291579281973947,1.8940821195128978,2.5041425855992507,0,2.0238311272212073,0.1,A20
