time,xin,TL,BL,reset,ic,T,action
0.0,-0.009006978302113389,-8.989162861821098,-1.1270305135599106,0,8.471185434516816,0.1,A18
8.5,-0.26798374511345835,-8.989162861821098,-1.1270305135599106,0,8.471185434516816,0.1,A18
17.0,-0.6991919691713531,-8.989162861821098,-1.1270305135599106,0,8.471185434516816,0.1,A18
17.01,-0.6102407771089212,-9.345534830706493,8.21318390511436,1,-6.906637788051257,0.1,A15
17.5,0.821484751017215,-9.345534830706493,8.21318390511436,1,-6.906637788051257,0.1,A15
18.0,-0.062001836500383156,-9.345534830706493,8.21318390511436,1,-6.906637788051257,0.1,A15
18.01,0.46412746247805914,-2.953838314874428,7.498503009977377,0,-3.012347327549321,0.1,A18
19.0,0.28167453520632324,-2.953838314874428,7.498503009977377,0,-3.012347327549321,0.1,A18
20.0,-0.5742152213706626,-2.953838314874428,7.498503009977377,0,-3.012347327549321,0.1,A18
