time,xin,TL,BL,reset,ic,T,action
0.0,-0.9975843795746671,-9.971171644150544,6.111172241569307,0,-0.035212902264820656,0.1,A19
3.5,0.24330457240258618,-9.971171644150544,6.111172241569307,0,-0.035212902264820656,0.1,A19
7.0,0.0664124558685859,-9.971171644150544,6.111172241569307,0,-0.035212902264820656,0.1,A19
7.01,0.8873236591154221,6.496372267545749,-5.042478982528056,1,1.6520993113049443,0.1,A2
9.5,0.4274465282570763,6.496372267545749,-5.042478982528056,1,1.6520993113049443,0.1,A2
12.0,0.33091401448322144,6.496372267545749,-5.042478982528056,1,1.6520993113049443,0.1,A2
12.01,0.01209090194938578,7.891695780889258,2.9129552696421834,0,3.350868713883486,0.1,A18
16.0,-0.46468206282858304,7.891695780889258,2.9129552696421834,0,3.350868713883486,0.1,A18
20.0,-0.9808667215889797,7.891695780889258,2.9129552696421834,0,3.350868713883486,0.1,A18
