time,xin,TL,BL,reset,ic,T,action
0.0,0.9667681222437989,-8.422142178290775,7.726408476938648,1,-9.299806669975926,0.1,A16
4.5,-0.04315812713486,-8.422142178290775,7.726408476938648,1,-9.299806669975926,0.1,A16
9.0,0.16160109206147688,-8.422142178290775,7.726408476938648,1,-9.299806669975926,0.1,A16
9.01,-0.5123449405140656,4.311482187273592,-1.3142256555161786,0,6.124000674521078,0.1,A17
11.5,-0.11593356621530115,4.311482187273592,-1.3142256555161786,0,6.124000674521078,0.1,A17
14.0,0.35833607871482687,4.311482187273592,-1.3142256555161786,0,6.124000674521078,0.1,A17
14.01,0.04621634942486641,3.260898141482425,-0.8292012092982368,0,5.71358355548462,0.1,A19
17.0,0.8184459702292171,3.260898141482425,-0.8292012092982368,0,5.71358355548462,0.1,A19
20.0,0.29994592052124713,3.260898141482425,-0.8292012092982368,0,5.71358355548462,0.1,A19
