time,xin,TL,BL,reset,ic,T,action
0.0,0.2477959201236597,-7.027584041340252,-6.714356355024731,0,-4.051303588670527,0.1,A19
1.5,0.5425341120903968,-7.027584041340252,-6.714356355024731,0,-4.051303588670527,0.1,A19
3.0,0.10780221174642168,-7.027584041340252,-6.714356355024731,0,-4.051303588670527,0.1,A19
3.01,0.7063228608308518,5.938377296180109,-6.055276880191167,1,-8.839435517993381,0.1,A6
6.5,-0.1661928949165259,5.938377296180109,-6.055276880191167,1,-8.839435517993381,0.1,A6
10.0,-0.661750340776621,5.938377296180109,-6.055276880191167,1,-8.839435517993381,0.1,A6
10.01,-0.06796838996337518,-4.699589138027003,2.4223770821234663,0,-2.931487120328309,0.1,A19
15.0,0.07756102544458798,-4.699589138027003,2.4223770821234663,0,-2.931487120328309,0.1,A19
20.0,-0.7186870538339447,-4.699589138027003,2.4223770821234663,0,-2.931487120328309,0.1,A19
