time,xin,TL,BL,reset,ic,T,action
0.0,-0.15177746503624023,6.726742939084623,1.8495643779043025,1,-5.7733017237278865,0.1,A5
7.0,-0.11046612884031926,6.726742939084623,1.8495643779043025,1,-5.7733017237278865,0.1,A5
14.0,0.09199169910661076,6.726742939084623,1.8495643779043025,1,-5.7733017237278865,0.1,A5
14.01,0.8635649969615802,8.083794149220353,2.4966657038003675,0,2.7598806703630316,0.1,A18
17.0,-0.10214698879414441,8.083794149220353,2.4966657038003675,0,2.7598806703630316,0.1,A18
20.0,-0.5594755962276825,8.083794149220353,2.4966657038003675,0,2.7598806703630316,0.1,A18
