time,xin,TL,BL,reset,ic,T,action
0.0,-0.6105654040401869,-3.9344175190028547,-7.375350115753812,1,5.291887362454023,0.1,A11
8.0,0.9992835141642635,-3.9344175190028547,-7.375350115753812,1,5.291887362454023,0.1,A11
16.0,-0.9063880376657321,-3.9344175190028547,-7.375350115753812,1,5.291887362454023,0.1,A11
16.01,0.10710953207230633,-1.6294196656476405,-10.0,0,-9.66126029873498,0.1,A20
17.5,-0.9248387194749437,-1.6294196656476405,-10.0,0,-9.66126029873498,0.1,A20
19.0,0.5062338191201436,-1.6294196656476405,-10.0,0,-9.66126029873498,0.1,A20
19.01,0.24039276730185088,6.448048828716365,7.2276598856202625,0,9.795580225860647,0.1,A18
19.5,-0.22748267790632526,6.448048828716365,7.2276598856202625,0,9.795580225860647,0.1,A18
20.0,-1.0,6.448048828716365,7.2276598856202625,0,9.795580225860647,0.1,A18
