time,xin,TL,BL,reset,ic,T,action
0.0,-0.803287839636837,3.580938813725165,-7.306668907907312,1,9.986183147218618,0.1,A11
2.0,0.6883780746068495,3.580938813725165,-7.306668907907312,1,9.986183147218618,0.1,A11
4.0,0.3970131285620291,3.580938813725165,-7.306668907907312,1,9.986183147218618,0.1,A11
4.01,0.40031763377530444,-2.4176148708990928,-10.0,1,0.18555806638962646,0.1,A9
8.0,0.6293973883723339,-2.4176148708990928,-10.0,1,0.18555806638962646,0.1,A9
12.0,0.9120645383581854,-2.4176148708990928,-10.0,1,0.18555806638962646,0.1,A9
12.01,0.24823208500320426,-0.4086586829029688,8.512161315613536,0,9.086169232939923,0.1,A18
16.0,0.1305041231611539,-0.4086586829029688,8.512161315613536,0,9.086169232939923,0.1,A18
20.0,-0.9893674432738535,-0.4086586829029688,8.512161315613536,0,9.086169232939923,0.1,A18
