time,xin,TL,BL,reset,ic,T,action
0.0,0.5837156666755208,-7.867223096978364,-6.373913910975135,0,0.06358620141070048,0.1,A18
1.0,0.5234869912348223,-7.867223096978364,-6.373913910975135,0,0.06358620141070048,0.1,A18
2.0,-0.657717911976154,-7.867223096978364,-6.373913910975135,0,0.06358620141070048,0.1,A18
2.01,-0.029466634770134448,-3.2416317955301333,5.39445222323609,0,5.094385848635445,0.1,A19
7.5,0.38313822570840217,-3.2416317955301333,5.39445222323609,0,5.094385848635445,0.1,A19
13.0,-0.857147862688628,-3.2416317955301333,5.39445222323609,0,5.094385848635445,0.1,A19
13.01,0.8513511625865355,-2.538187703847714,-8.552827769843871,1,-4.769380810292557,0.1,A2
16.5,0.6330715168529097,-2.538187703847714,-8.552827769843871,1,-4.769380810292557,0.1,A2
20.0,0.5648851731330984,-2.538187703847714,-8.552827769843871,1,-4.769380810292557,0.1,A2
