time,xin,TL,BL,reset,ic,T,action
0.0,-0.3072946470774416,-2.017780703630576,-8.145610014147536,1,-1.0898498030701411,0.1,A12
3.0,-0.40453869629953676,-2.017780703630576,-8.145610014147536,1,-1.0898498030701411,0.1,A12
6.0,0.9496049586584894,-2.017780703630576,-8.145610014147536,1,-1.0898498030701411,0.1,A12
6.01,-0.8376346930755303,-2.1215538794924305,1.9890564652746274,0,-0.10596290720987867,0.1,A19
7.5,-0.33399952220149665,-2.1215538794924305,1.9890564652746274,0,-0.10596290720987867,0.1,A19
9.0,-0.3584385226276652,-2.1215538794924305,1.9890564652746274,0,-0.10596290720987867,0.1,A19
9.01,0.2608579811038485,-4.855311139939236,-5.841226129355304,0,-2.158668580694467,0.1,A18
14.5,0.17189810868720712,-4.855311139939236,-5.841226129355304,0,-2.158668580694467,0.1,A18
20.0,-0.7277226092976457,-4.855311139939236,-5.841226129355304,0,-2.158668580694467,0.1,A18
