time,xin,TL,BL,reset,ic,T,action
0.0,-0.6499040940146112,1.9265722632303373,-0.48201127675591415,0,-5.447798231146597,0.1,A17
1.5,-0.24476148448398982,1.9265722632303373,-0.48201127675591415,0,-5.447798231146597,0.1,A17
3.0,0.04012000262470061,1.9265722632303373,-0.48201127675591415,0,-5.447798231146597,0.1,A17
3.01,-1.0,-6.046265385401634,-8.67445318937435,1,5.883641968982815,0.1,A11
3.5,0.344528979696904,-6.046265385401634,-8.67445318937435,1,5.883641968982815,0.1,A11
4.0,-0.5375892475307349,-6.046265385401634,-8.67445318937435,1,5.883641968982815,0.1,A11
4.01,0.7437912833883007,-4.264637889958662,-7.648425227655196,0,7.054362256520285,0.1,A20
12.0,-0.2542662946727141,-4.264637889958662,-7.648425227655196,0,7.054362256520285,0.1,A20
20.0,0.3355578626972766,-4.264637889958662,-7.648425227655196,0,7.054362256520285,0.1,A20
