time,x,y
0,1.6096717,0.060923963
50,-0.56970664,0.11098488
100,1.7148433,-1.0798375
