time,x,y
0,0.74936483,-0.86324316
50,-0.41945593,-0.50548168
100,0.54973947,1.9590842
