time,x,y
0,-0.32069233,-1.9222624
50,-1.4641356,0.75760721
100,0.59558451,-0.63619502
