time,x,y
0,0.74936483,-0.86324316
50,-0.7422449,0.85130853
100,1.5670886,0.20016576
