time,x,y
0,-1.3181215,-1.3280737
50,-1.5993659,0.6712009
100,0.74587094,1.6835073
