time,x,y
0,-1.2348742,0.81470741
50,-0.3141652,-1.2513035
100,-1.2348742,0.81470741
