time,x,y
0,-0.32069233,-1.9222624
50,1.8229041,-1.633288
100,-0.32069233,-1.9222624
