time,xin,TL,BL,reset,ic,T,action
0.0,0.26364463476876665,-4.507155779377738,-4.675859543699479,0,-8.05071345259863,0.1,A17
3.5,0.8076803379721482,-4.507155779377738,-4.675859543699479,0,-8.05071345259863,0.1,A17
7.0,0.9876935270815186,-4.507155779377738,-4.675859543699479,0,-8.05071345259863,0.1,A17
7.01,-0.8439224331447464,-2.4823584564110597,1.4646081910991846,0,9.17017674409465,0.1,A17
13.5,0.04175547202940422,-2.4823584564110597,1.4646081910991846,0,9.17017674409465,0.1,A17
20.0,0.7500017812166961,-2.4823584564110597,1.4646081910991846,0,9.17017674409465,0.1,A17
