time,xin,TL,BL,reset,ic,T,action
0.0,0.35322923667817685,7.96104382390309,5.468092531209077,1,-7.780889263866511,0.1,A5
1.0,0.5414868426042851,7.96104382390309,5.468092531209077,1,-7.780889263866511,0.1,A5
2.0,0.7377331356576726,7.96104382390309,5.468092531209077,1,-7.780889263866511,0.1,A5
2.01,0.3272354002424167,5.2860435617170065,-4.9342455750992364,1,2.4673052170581293,0.1,A3
5.0,0.49357935542874287,5.2860435617170065,-4.9342455750992364,1,2.4673052170581293,0.1,A3
8.0,0.48754842636483775,5.2860435617170065,-4.9342455750992364,1,2.4673052170581293,0.1,A3
8.01,0.27125372832881833,6.893371728476904,-2.8692214063451047,0,-6.6934418291540005,0.1,A20
14.0,-0.7753034840808245,6.893371728476904,-2.8692214063451047,0,-6.6934418291540005,0.1,A20
20.0,-0.2580134184368177,6.893371728476904,-2.8692214063451047,0,-6.6934418291540005,0.1,A20
