time,x,y
0,0.732314110000000,1.65505490000000
50,-1.89529640000000,0.101278340000000
100,-0.742244900000000,0.851308530000000
