time,x,y
0,-0.592050710000000,0.693454070000000
50,0.745870940000000,1.68350730000000
100,0.534185620000000,-1.49304360000000
