time,x,y
0,1.17200890000000,-1.67415430000000
50,-0.768374150000000,0.218242440000000
100,-0.537954350000000,-0.741325230000000
