time,x,y
0,0.749364830000000,-0.863243160000000
50,-0.451865710000000,-1.20218820000000
100,-0.151198910000000,1.92158050000000
