time,xin,TL,BL,reset,ic,T,action
0.0,-0.5885252094288629,-0.7235322543678802,-6.712641812737202,1,-2.854764728249961,0.1,A3
3.5,0.5191002511341598,-0.7235322543678802,-6.712641812737202,1,-2.854764728249961,0.1,A3
7.0,-0.7269554595048209,-0.7235322543678802,-6.712641812737202,1,-2.854764728249961,0.1,A3
7.01,-0.2974500537320939,0.6045578302069305,4.984239319961187,0,1.3784175083492585,0.1,A20
10.0,-0.4553267294486072,0.6045578302069305,4.984239319961187,0,1.3784175083492585,0.1,A20
13.0,0.13894561491779633,0.6045578302069305,4.984239319961187,0,1.3784175083492585,0.1,A20
13.01,0.4310871434423551,0.2885029508069703,-5.567781878978007,0,1.4300655139334708,0.1,A19
16.5,0.9614888036256124,0.2885029508069703,-5.567781878978007,0,1.4300655139334708,0.1,A19
20.0,0.2612809437683654,0.2885029508069703,-5.567781878978007,0,1.4300655139334708,0.1,A19
