time,xin,TL,BL,reset,ic,T,action
0.0,-0.9022664990348375,-5.828114429129158,9.565245403775396,0,-7.102822185467959,0.1,A19
6.5,0.7034786537051474,-5.828114429129158,9.565245403775396,0,-7.102822185467959,0.1,A19
13.0,0.10778015099502314,-5.828114429129158,9.565245403775396,0,-7.102822185467959,0.1,A19
13.01,0.8727056199564409,4.6769428644444275,-4.063963676854144,1,-2.1248848926860786,0.1,A2
15.0,-0.38252767641806784,4.6769428644444275,-4.063963676854144,1,-2.1248848926860786,0.1,A2
17.0,-0.8649863601484531,4.6769428644444275,-4.063963676854144,1,-2.1248848926860786,0.1,A2
17.01,-0.009809964436424234,-0.6396497852534253,-9.249695149207493,1,7.1827670433945165,0.1,A11
18.5,0.24539402123569776,-0.6396497852534253,-9.249695149207493,1,7.1827670433945165,0.1,A11
20.0,-0.47091580123404975,-0.6396497852534253,-9.249695149207493,1,7.1827670433945165,0.1,A11
