time,xin,TL,BL,reset,ic,T,action
0.0,0.7727035728166858,-2.7077998864143726,-5.877443209241684,0,3.135391243286236,0.1,A20
2.5,-0.03318031974889046,-2.7077998864143726,-5.877443209241684,0,3.135391243286236,0.1,A20
5.0,0.7441239263589683,-2.7077998864143726,-5.877443209241684,0,3.135391243286236,0.1,A20
5.01,0.989265702922129,7.5772881969237496,3.2668241605666832,1,-6.195053904792709,0.1,A6
8.5,0.3454323462696163,7.5772881969237496,3.2668241605666832,1,-6.195053904792709,0.1,A6
12.0,-0.8381993555729972,7.5772881969237496,3.2668241605666832,1,-6.195053904792709,0.1,A6
12.01,-0.261714850680983,0.45023184851162945,2.0405181250765168,0,-7.6814744523836875,0.1,A17
16.0,-0.15147764490455784,0.45023184851162945,2.0405181250765168,0,-7.6814744523836875,0.1,A17
20.0,-0.08568908602068981,0.45023184851162945,2.0405181250765168,0,-7.6814744523836875,0.1,A17
