time,xin,TL,BL,reset,ic,T,action
0.0,-1.0,3.217729424199952,-3.571867013310248,0,3.4720448063797953,0.1,A17
6.0,0.013571283342337759,3.217729424199952,-3.571867013310248,0,3.4720448063797953,0.1,A17
12.0,0.5246449543188967,3.217729424199952,-3.571867013310248,0,3.4720448063797953,0.1,A17
12.01,-0.6403285524427067,-3.354468318253878,4.638446622818673,1,1.705334084505111,0.1,A13
13.5,-0.5084471665307408,-3.354468318253878,4.638446622818673,1,1.705334084505111,0.1,A13
15.0,0.3905328605929175,-3.354468318253878,4.638446622818673,1,1.705334084505111,0.1,A13
15.01,-0.12494044922674452,-9.918159645980754,-0.10877399759675122,0,7.312235976834106,0.1,A20
17.5,-0.9710344815906335,-9.918159645980754,-0.10877399759675122,0,7.312235976834106,0.1,A20
20.0,0.9216012123739856,-9.918159645980754,-0.10877399759675122,0,7.312235976834106,0.1,A20
