time,xin,TL,BL,reset,ic,T,action
0.0,-0.4451315747542428,2.9864552537345457,-4.854279628749712,0,1.9730168614980688,0.1,A18
3.0,-0.4810047978542904,2.9864552537345457,-4.854279628749712,0,1.9730168614980688,0.1,A18
6.0,-0.6335890392095516,2.9864552537345457,-4.854279628749712,0,1.9730168614980688,0.1,A18
6.01,0.8856172004256817,0.006072415917596885,3.754749505978452,1,6.421335929414855,0.1,A16
11.0,-0.7143577146722937,0.006072415917596885,3.754749505978452,1,6.421335929414855,0.1,A16
16.0,-0.4585965092016755,0.006072415917596885,3.754749505978452,1,6.421335929414855,0.1,A16
16.01,0.055589223074324456,-1.4553231364308434,4.058713737682368,0,9.24935885897137,0.1,A17
18.0,0.4155835996016639,-1.4553231364308434,4.058713737682368,0,9.24935885897137,0.1,A17
20.0,0.5363993362095629,-1.4553231364308434,4.058713737682368,0,9.24935885897137,0.1,A17
