time,x,y
0,1.6096717,0.060923963
50,0.53418562,-1.4930436
100,-0.062130567,-0.62590489
