time,x,y
0,-0.59205071,0.69345407
50,0.26100424,0.99490912
100,1.1791422,-1.9629043
