time,x,y
0,-1.5993659,0.6712009
50,-0.53795435,-0.74132523
100,-0.17265864,-1.2302141
