time,x,y
0,1.1720089,-1.6741543
50,-0.3141652,-1.2513035
100,-0.023162956,0.029551132
