time,x,y
0,-0.12627028,-1.0997061
50,-0.15119891,1.9215805
100,-0.29714419,-1.9030326
