time,x,y
0,0.74587094,1.6835073
50,-0.63079655,1.7232112
100,-0.45186571,-1.2021882
