time,x,y
0,0.94991768,0.33498592
50,-0.76837415,0.21824244
100,0.26100424,0.99490912
