time,xin,TL,BL,reset,ic,T,action
0.0,-0.8939945609449209,-5.891764867172989,-8.441866828824073,1,5.997166974908998,0.1,A11
1.5,0.5400702226252068,-5.891764867172989,-8.441866828824073,1,5.997166974908998,0.1,A11
3.0,0.13218863945986525,-5.891764867172989,-8.441866828824073,1,5.997166974908998,0.1,A11
3.01,-0.3773795801681501,1.3819145722822093,-3.1690746391259363,1,7.406453465879,0.1,A10
6.5,-0.45321488054983816,1.3819145722822093,-3.1690746391259363,1,7.406453465879,0.1,A10
10.0,-0.9971618387665571,1.3819145722822093,-3.1690746391259363,1,7.406453465879,0.1,A10
10.01,-0.15503973698343354,-0.9191856853762669,-9.453904387710404,0,-0.7925668921886952,0.1,A17
15.0,0.415612884919317,-0.9191856853762669,-9.453904387710404,0,-0.7925668921886952,0.1,A17
20.0,0.8372784012821144,-0.9191856853762669,-9.453904387710404,0,-0.7925668921886952,0.1,A17
