time,x,y
0,-0.881764670000000,-1.10418690000000
50,0.0476240390000000,1.34841310000000
100,-0.768374150000000,0.218242440000000
