time,x,y
0,1.60967170000000,0.0609239630000000
50,0.949917680000000,0.334985920000000
100,-1.89529640000000,0.101278340000000
