time,x,y
0,-1.59936590000000,0.671200900000000
50,1.82290410000000,-1.63328800000000
100,0.261004240000000,0.994909120000000
