time,x,y
0,-0.126270280000000,-1.09970610000000
50,-0.630796550000000,1.72321120000000
100,-0.314165200000000,-1.25130350000000
